athlete,first_400,second_400,total_time_sec,split_ratio
Parker Dewey,56.47,58.89,115.36,1.0428546130688863
Brandon Latta,56.6,59.04,115.64,1.0431095406360424
Isaac Greene,54.74,61.38,116.12,1.1213006941907198
Soheib Dissa,54.39,62.19,116.58,1.1434087148372862
Willem Mandel,54.57,62.17,116.74,1.1392706615356423
Evan Smith,54.83,61.98,116.81,1.1304030640160496
Simon Donovan,56.85,59.99,116.84,1.0552330694810905
Gabriel Cuffey,54.85,62.07,116.92,1.1316317228805834
Gabriel Sisk,56.39,60.54,116.93,1.0735946089732222
Ethan Cope,56.75,60.62,117.37,1.068193832599119
Gavin Rossi,55.92,61.47,117.39,1.0992489270386265
Ryan Hesler,56.23,61.36,117.59,1.091232438200249
Tyson Crandall,56.4,61.54,117.94,1.0911347517730496
Gabriel Zwilling,57.6,60.34,117.94,1.0475694444444446
Charlie Butler,56.77,61.39,118.16,1.0813810110974105
Simeon Hayward,56.23,61.98,118.21,1.102258580828739
Antonio Ciccarelli,56.37,61.96,118.33,1.099166223168352
Andre Pearson,54.34,64.38,118.72,1.1847626058152372
Matthew Carnes,57.82,61.18,119,1.0581113801452784
Logan Mullan,56.13,62.88,119.01,1.1202565473009085
Marco Bussone,57.39,61.8,119.19,1.076842655514898
Tyler Bartlett,57.75,61.62,119.37,1.067012987012987
Walt Petersen,58.27,61.11,119.38,1.0487386305131285
Brendan Fant,55.91,63.52,119.43,1.1361116079413345
Daniel Serpa,58.22,61.27,119.49,1.0523874957059431
Ben Tucker,57.52,62.01,119.53,1.078059805285118
Caleb Doddington,57.11,62.43,119.54,1.093153563298897
Jack Stahl,58.37,61.18,119.55,1.048141168408429
Dennis Satchek,57.61,62.23,119.84,1.080194410692588
Max Langenbach,58.31,61.69,120,1.0579660435602811
Blake Santos,56.99,63.04,120.03,1.1061589752588172
Cole Thalheimer,58.57,61.67,120.24,1.0529281201980536
Griffin Mandirola,58.13,62.25,120.38,1.0708756236022707
Logan Tracia,58.07,62.33,120.4,1.0733597382469433
Anderson Krasner,58.47,62.02,120.49,1.060714896528134
Connor Reidy,56.92,64.04,120.96,1.1250878425860857
Christophe Fremont,58.26,62.71,120.97,1.0763817370408515
Daniel da Silva,59.35,61.69,121.04,1.0394271272114575
Sebastian Guerrero,58.92,62.69,121.61,1.0639850644942295
Nicholas Montana,57.94,63.89,121.83,1.1026924404556437
Isaac Perez,56.68,65.19,121.87,1.1501411432604092
Samuel Secor,59.4,62.48,121.88,1.0518518518518518
Kinnon Ringler,57.31,64.98,122.29,1.1338335369045542
Nathan Mikulsky,57.49,65.4,122.89,1.1375891459384242
Christopher Miller-Harris,58.89,64.28,123.17,1.0915265749702836
David Pinero-Jacome,57.15,66.44,123.59,1.162554680664917
Garrett Dailey,59.33,64.52,123.85,1.0874768245407045
Malachi Patterson,58.1,66.32,124.42,1.1414802065404475
Ryan Thompson,58.53,66.1,124.63,1.129335383563984
Esaias Gonzalez,58.04,67.23,125.27,1.1583390764989663
Ethan Downs,59.77,67.17,126.94,1.123807930399866
Jack Chapman,60.1,68.33,128.43,1.1369384359400998
Faith Murphy,67.83,66.9,134.73,0.9862892525431226
Madison Rassas,66.97,68.53,135.5,1.0232940122442886
Alexandra Jackson,68.12,68.47,136.59,1.0051379917792131
Elizabeth Szybalski,65.83,70.81,136.64,1.0756493999696188
Cailey Freeze,67.74,68.97,136.71,1.0181576616474757
Jimmiea King,68.16,68.55,136.71,1.0057218309859155
Charlotte Dunkel,66.41,70.53,136.94,1.062038849570848
Riley Herdson,67.31,69.72,137.03,1.035804486703313
Jocelyn Millican,63.87,73.22,137.09,1.1463911069359638
Tenley Nelson,67.33,69.92,137.25,1.0384672508540027
Olivia Holbrook,65.88,71.38,137.26,1.0834851244687311
Scarlet Stimson,67.12,70.36,137.48,1.0482717520858165
Morgan Kirkland,66.29,71.81,138.1,1.0832704782018403
Anna Hardiman,68.61,69.74,138.35,1.0164699023465966
Charlotte Tuxbury,66.72,71.82,138.54,1.0764388489208632
Kylee King,65.95,72.94,138.89,1.1059893858984078
Grace Finnegan,66.68,72.23,138.91,1.0832333533293341
Riley Humphries,66.39,72.73,139.12,1.0954963096851935
Audrey Adam,67.8,71.36,139.16,1.0525073746312685
Miah Johnson,67.84,71.67,139.51,1.0564563679245282
Taylor Pangburn,68.76,70.99,139.75,1.0324316463059917
Lila Pesavento,68.86,71.46,140.32,1.0377577693871622
Keira Hodum,66.62,74.38,141,1.116481537075953
Lila Garbett,68.23,72.85,141.08,1.0677121500806095
Caitlyn Chang,69.28,71.94,141.22,1.0383949191685913
Mary Gorsky,67.85,73.56,141.41,1.0841562269712604
Isabella Gentille,69.36,72.18,141.54,1.0406574394463668
Chloe Johnson,68.62,73.11,141.73,1.0654328184202855
Anya Budzinski,68.36,73.56,141.92,1.0760678759508484
Eugenie Horisberger,69.69,72.49,142.18,1.040177930836562
Leigh Foran,68.62,73.89,142.51,1.0767997668318274
Bria Benigni,67.02,75.49,142.51,1.1263801850193973
Alexandra Moore,68.29,74.3,142.59,1.0880070288475616
Tyndal Ann Griffith,67.73,74.92,142.65,1.1061567990550716
Leah Thomas,67.44,75.21,142.65,1.1152135231316724
Sydney Weiss,67.36,75.7,143.06,1.123812351543943
Leilani Gibson,68.21,74.88,143.09,1.0977862483506817
Kayla Hawkins,68.14,75.03,143.17,1.101115350748459
Shea Podbelski,69.06,74.13,143.19,1.073414422241529
Kayla Devine,69.43,73.96,143.39,1.0652455710787843
Izabella Toscano,67.93,75.49,143.42,1.111291034888856
Victoria Urbaez,68.52,75.01,143.53,1.0947168709865733
Janae Coleman,69.04,74.57,143.61,1.0800984936268827
Brenna Sears,68.6,75.04,143.64,1.0938775510204084
Maci Beaty,69.08,74.8,143.88,1.0828025477707006
Emma Ronan,69.11,74.83,143.94,1.082766603964694
Abby Wells,66.3,77.63,143.93,1.1708898944193062
Delaney Dyer,69.32,74.95,144.27,1.0812175418349683
Ava Tominack,68.05,76.41,144.46,1.122850844966936
Amelia Jackson,69.12,75.91,145.03,1.0982349537037035
Finleigh Simonds,69.59,75.47,145.06,1.0844948986923408
Katrina Torelli,69.36,75.95,145.31,1.095011534025375
Dana Lehr,69.38,76.88,146.26,1.1081003170942634
Chloe Dibb,69.73,76.66,146.39,1.0993833357235048
Anna Lonergan,69.08,77.71,146.79,1.12492762015055
Grace Tate,69.12,79.78,148.9,1.154224537037037
Allyson Wernik,70.54,83.07,153.61,1.1776297136376521
Tinoda Matsatsa,52.88,55.4,108.28,1.0476550680786687
Charles Leath IV,53.96,54.52,108.48,1.0103780578206079
Daniel Watcke,54.04,55.56,109.6,1.0281273131014064
Andrew Regnier,53.64,56.07,109.71,1.0453020134228188
Simeon Birnbaum,54.19,56.84,111.03,1.0489020114412255
Miguel Pantojas De Jesus,53.77,57.33,111.1,1.0662079226334387
Carter Cutting,53.96,57.57,111.53,1.0669014084507042
Marcus Reilly,54.1,57.54,111.64,1.0635859519408501
Andrew Burrell,55.6,57.69,113.29,1.0375899280575538
Oliver Brandes,52.98,60.5,113.48,1.1419403548508873
Aidan Hodge,55.57,58.08,113.65,1.0451682562533742
Aaron Sahlman,53.87,59.77,113.64,1.109522925561537
Nicholas Hayden,53.39,60.37,113.76,1.1307360929012924
Timothy Roden II,54.87,58.9,113.77,1.073446327683616
Andrew Casey,56.49,57.34,113.83,1.0150469109576916
Dylan DeCambre,55.62,58.21,113.83,1.0465659834591874
Nicholas DeVita,54.3,59.64,113.94,1.0983425414364643
Dawson Welch,56.18,57.8,113.98,1.0288358846564614
Ryan Beegle,56.01,57.98,113.99,1.0351722906623817
Kaden Kingsmith,55.02,59.02,114.04,1.0727008360596146
Shamiso Sikaneta,55.48,58.72,114.2,1.0583994232155731
Charles Perry,54.63,59.76,114.39,1.0939044481054365
Drew Graves,55.4,59.03,114.43,1.0655234657039712
Eli Sterling,55.73,58.78,114.51,1.0547281535977033
John O'Reilly,56.1,58.45,114.55,1.0418894830659537
Andrew Balogh,54.04,60.59,114.63,1.1212065136935605
Andrew Thornton-Sherman,56.63,58.07,114.7,1.0254282182588734
Keion Grieve,55.76,59.05,114.81,1.0590028694404592
Jaxson Eckert,55.37,59.5,114.87,1.074589127686473
Jackson Harris,56.67,58.2,114.87,1.026998411858126
Dylan Brenn,55.15,59.9,115.05,1.086128739800544
Drew Costelow,56.41,58.72,115.13,1.0409501861372097
Thomas Hess,55.38,59.77,115.15,1.0792704947634526
Trent McFarland,56.73,58.59,115.32,1.0327868852459017
Ben Murray,56.27,59.12,115.39,1.0506486582548427
Colin Kirn,55.09,60.35,115.44,1.09548012343438
Luke Schagelin,55.5,59.96,115.46,1.0803603603603604
Travis Wolfe-Thompson,55.77,59.88,115.65,1.0736955352339967
Colin Abrams,56.04,59.72,115.76,1.065667380442541
Cooper Citro,55.21,60.63,115.84,1.0981706212642637
Noah Musselwhite,56.49,59.54,116.03,1.0539918569658346
Kelton Poirier,56.18,59.89,116.07,1.0660377358490567
Anthony Engle,55.83,60.47,116.3,1.0831094393695146
Caleb Hymans,56.14,60.18,116.32,1.071962949768436
Michael Polizzi,57.07,59.39,116.46,1.0406518310846329
Owen Westerkamp,57.45,59.14,116.59,1.0294168842471714
Blaik Slavinski,55.66,61.03,116.69,1.0964786201940353
Jake Eagling,55.42,61.41,116.83,1.1080837242872608
Jacob Redman,56.86,60.08,116.94,1.0566303200844178
Jaden Enis,55.97,61.05,117.02,1.09076290870109
Alexson Songor,55.86,61.19,117.05,1.0954171142141067
Camyn Viger,56.46,60.76,117.22,1.0761601133545873
Daniel De Monte III,56.18,61.23,117.41,1.0898896404414382
Nathan Blades,56.54,61.03,117.57,1.079412805093739
Sean Clegg,56.12,61.53,117.65,1.0964005702067
Tyler Heath,57.29,60.41,117.7,1.0544597661022865
LJ Nelson,56.7,61.06,117.76,1.0768959435626102
Kepler Huntress,55.9,62.26,118.16,1.1137745974955278
Kaleb Smith,55.98,62.34,118.32,1.1136120042872455
Matthew Rooney,57.37,61.15,118.52,1.0658880948230782
Camden Reiland,56.96,61.69,118.65,1.0830407303370786
Noah Fisher,57.09,61.57,118.66,1.0784725871431073
Michael Woolery,55.73,63.18,118.91,1.1336802440337341
Noah Nielson,58.38,60.54,118.92,1.0369989722507706
Jake Haley,56.7,62.62,119.32,1.1044091710758377
Stone Smith,57.27,62.19,119.46,1.0859088528025143
Zach Makemson,57.6,61.89,119.49,1.0744791666666667
Jacob Puhalla,57.24,62.27,119.51,1.087875611460517
Collin Stafford,57.36,62.21,119.57,1.0845536959553697
Quinn Green,59.39,60.31,119.7,1.0154908233709379
Daniel Coyne,56.8,62.94,119.74,1.1080985915492958
Ellis Goodson,57.44,62.45,119.89,1.0872214484679668
Tristan Burke,57.88,62.01,119.89,1.0713545266067726
Brian Theobald,57.72,62.32,120.04,1.0796950796950797
Omer Ibrahim,56.77,64.05,120.82,1.128236744759556
Sean Sanders,58.02,63.46,121.48,1.0937607721475353
Sam Castle,56.91,64.73,121.64,1.1374099455280269
Gavin Borger,57.81,63.84,121.65,1.1043072132848988
Jamie Lano,57.52,64.96,122.48,1.1293463143254518
James Cognata,55,68.36,123.36,1.242909090909091
Austin Desisto,58.83,69.53,128.36,1.181879993200748
Allison Ince,61.28,63.5,124.78,1.0362271540469974
Isabel Conde Frankenberg,62.09,64.39,126.48,1.037043002093735
Amelia Everett,62.66,65.86,128.52,1.05106926268752
Nicki Southerland,63.7,65.17,128.87,1.023076923076923
Isis Grant,62.16,67.11,129.27,1.0796332046332047
Layla Haynes,60.59,68.73,129.32,1.1343456015844198
KaMyya Haywood,60.99,68.96,129.95,1.130677160190195
Angelina Napoleon,63.91,66.43,130.34,1.0394304490690034
Gretchen Farley,63.41,67.4,130.81,1.0629238290490461
Kaleigh Gunsiorowski,62.63,68.58,131.21,1.0950023950183618
Jaylee Wingate,63.24,68.47,131.71,1.0827008222643897
Brooke Strauss,61.61,70.16,131.77,1.1387761726992371
Amelia Dodds,63.83,67.98,131.81,1.0650164499451669
Peyton Hollis,63.49,69.16,132.65,1.0893054024255788
Lucy Benton,64.05,68.88,132.93,1.0754098360655737
Victoria Vidolova,63.35,69.68,133.03,1.0999210734017364
Katelyn Kliesch,63.85,69.18,133.03,1.0834768989819892
Ella Woehlcke,64.89,68.25,133.14,1.051779935275081
Paige Sheppard,63.92,69.35,133.27,1.084949937421777
Amy Weybrecht,63.16,70.31,133.47,1.1132045598480051
Kenyah Conner,63.36,70.25,133.61,1.1087436868686869
Charlotte Sinke,64.4,69.4,133.8,1.0776397515527951
Stephanie Bertram,64.44,69.37,133.81,1.0765052762259468
Gabriella Hernandez,65.06,68.97,134.03,1.0600983707347065
Liv Sherry,61.47,72.64,134.11,1.1817146575565316
Efa Paschka,65.54,68.62,134.16,1.0469942020140373
Alexa Fortman,62.06,72.19,134.25,1.1632291330970028
Sofia Day,65.74,68.52,134.26,1.0422878004259204
Cora Henderson,67.01,67.3,134.31,1.0043277122817489
Cady McPhail,63.16,71.41,134.57,1.1306206459784673
Clemmie Lilley,65.71,68.93,134.64,1.0490031958605999
Zoe Marcus,63.97,70.75,134.72,1.105987181491324
Leonni Griffin,63.93,70.79,134.72,1.107304864695761
Mia Rogan,64.21,70.67,134.88,1.1006073820277216
Christina Allen,65.16,69.92,135.08,1.0730509515039903
Jais Ward,67.01,68.08,135.09,1.0159677660050737
Gabriella Ruggeri,64.27,70.83,135.1,1.1020693947409368
Maameyaa Nyinah,65.25,70.27,135.52,1.076934865900383
Macey Shriner,64.73,70.88,135.61,1.0950100417117254
Caroline Beiting,65.12,70.71,135.83,1.085841523341523
Sarah Ann Miller,65.63,70.35,135.98,1.0719183300319977
Sydnee Sinn,64.61,71.52,136.13,1.1069493886395294
Lucy McLean,64.49,71.74,136.23,1.1124205303147774
Alyssa Bloxton,65.1,71.29,136.39,1.0950844854070663
Annie Miller,66.8,69.64,136.44,1.0425149700598804
Ashley Bolesh,65.62,71.14,136.76,1.0841206949100883
Brianna Malone,65.07,71.74,136.81,1.1025049946211771
Mary Flanagan,67.19,69.78,136.97,1.0385474028873345
Addison Vellekoop,66.62,70.39,137.01,1.0565896127289103
Carmen Luisi,66.6,70.48,137.08,1.0582582582582585
Emma DeVries,65.38,71.79,137.17,1.0980422147445703
Sidney Nolan,65.96,71.22,137.18,1.0797453001819286
Alexandra O'Rourke,64.58,72.66,137.24,1.125116135026324
Abby Ferlise,64.32,72.92,137.24,1.1337064676616917
Madeline Scheier,65.13,72.17,137.3,1.1080915092891142
Lila Waters,67.19,70.13,137.32,1.0437565113856229
Ashlynn Witt,64.97,72.68,137.65,1.1186701554563645
Noel Barlette,66.21,71.52,137.73,1.080199365654735
Erin Vincent,65.33,72.4,137.73,1.1082198071330172
Kashia Hoo,64.55,73.18,137.73,1.1336948102246323
Madison Conatser,64.44,73.39,137.83,1.1388888888888888
Lily Jin,66.73,71.71,138.44,1.0746291023527648
Caroline Echols,66.02,72.89,138.91,1.1040593759466828
Salma Boukhtam,66.91,72.43,139.34,1.0824988790913168
Julia Blake,67.59,71.85,139.44,1.0630270750110962
Camryn Hubbard,63.91,75.73,139.64,1.184947582537944
Ava Beeks,66.52,73.54,140.06,1.1055321707757066
Morgan Kobylinski,66.13,74.6,140.73,1.1280810524724028
Rachel Fereday,66.93,74.11,141.04,1.1072762587778275
Grace Myers,65.69,75.87,141.56,1.154970315116456
Darrah Wiseman,65.53,81.47,147,1.2432473676178848
Sydney Augmon,65.73,82.59,148.32,1.2565038795070744
Caleb Winders,56.77,59.54,116.31,1.0487933767835123
Noah Strohman,56.15,60.17,116.32,1.0715939447907392
Micah Dickran,57.03,60.35,117.38,1.0582149745747853
Jackson Davis,56.94,61.76,118.7,1.0846505093080436
Jon Nathan Lawrence,57.84,62.35,120.19,1.0779737206085753
Thomas Rae,59.07,61.55,120.62,1.041984086676824
Evan Kingsmith,59.01,61.68,120.69,1.045246568378241
Brandon Morrow,59.47,61.4,120.87,1.032453337817387
Nate Rogerson,58.01,63.69,121.7,1.0979141527322875
Atley Phinney,59.24,62.84,122.08,1.060769750168805
Matteo Chiesara,59.33,63.14,122.47,1.0642170908478006
Preston Barnes,58.2,64.2,122.4,1.1030927835051547
Henry Birge,57.91,64.64,122.55,1.116214816093939
Robert Young,58.63,64.24,122.87,1.095684803001876
Zak Shlomi,60.18,62.98,123.16,1.0465270854104354
Marshall Vernon,59.13,64.06,123.19,1.0833756130559784
Adam Caldwell,60.61,63.91,124.52,1.0544464609800364
Caleb Rock,61.13,63.41,124.54,1.0372975625715688
Daniel Labunski,59.76,65.08,124.84,1.0890227576974565
Connor Manning,60.44,64.49,124.93,1.0670086035737922
Charlie Davis,59.27,65.78,125.05,1.1098363421629829
Ayodele Joa-Griffith,59.2,66.11,125.31,1.1167229729729728
Ian Desir,60.13,65.2,125.33,1.084317312489606
Grady Lenn,59.7,65.66,125.36,1.0998324958123953
Richard Federico III,61.9,63.56,125.46,1.0268174474959613
Karil Arnold,61.15,64.5,125.65,1.054783319705642
Caleb Davis,58.8,68.35,127.15,1.1624149659863945
Marlon Wiest,61.27,65.89,127.16,1.0754039497307002
Pierce Parker,61.6,65.68,127.28,1.0662337662337664
Colin Smith,60.32,66.99,127.31,1.110576923076923
Samuel Keith,61.42,66.17,127.59,1.0773363725170955
Dallin Starkie,62.52,65.54,128.06,1.0483045425463853
Robert Budzinski,61.42,66.88,128.3,1.0888961250407032
Peter Simpson,62.23,66.52,128.75,1.0689378113450105
Aiden Dunn,61.53,67.27,128.8,1.093287827076223
Anderson Taylor,62.75,66.29,129.04,1.056414342629482
Blake Dixon,62.33,67.2,129.53,1.0781325204556393
Henry Carlson,61.48,68.14,129.62,1.1083279115159401
Eli Levine,63,66.81,129.81,1.0604761904761906
Maxence Badri,63.36,66.72,130.08,1.053030303030303
Spencer Ashba,61.88,68.2,130.08,1.1021331609566904
Markus White,62.73,68.62,131.35,1.0938944683564484
Lorenzo Lopes,62.09,69.4,131.49,1.1177323240457402
Alfred Willie,63.5,68.72,132.22,1.0822047244094488
Aiden Siwicki,63.18,69.66,132.84,1.1025641025641024
Julian Gonzalez,62.28,70.85,133.13,1.1376043673731533
James Hanson,61.15,72.54,133.69,1.1862632869991825
Michael Cherubini,61.32,73.85,135.17,1.2043378995433789
joeb,68,75,143,1.1029411764705883
adud,75,86,161,1.1466666666666667
jabr,67,71,138,1.0597014925373134
gkin,62,64,126,1.032258064516129
joeb,66,75,141,1.1363636363636365
jabr,68,73,141,1.0735294117647058
mvon,74,81,155,1.0945945945945945
mbra,79,89,168,1.1265822784810127
gkin,59,65,124,1.1016949152542372
jabr,65,73,138,1.123076923076923
gkin,60,66,126,1.1
mrep,65,69,134,1.0615384615384615
joeb,69,71,140,1.0289855072463767
jabr,68,74,142,1.088235294117647
anbl,62,79,141,1.2741935483870968
jabr,67,74,141,1.1044776119402986
mrep,64,75,139,1.171875
keit,69,80,149,1.1594202898550725
ejre,65,78,143,1.2
keit,65,77,142,1.1846153846153846
jabr,67,70,137,1.044776119402985
mrep,62,71,133,1.1451612903225807
jabr,64,68,132,1.0625
anbl,63,71,134,1.126984126984127
mvon,66,74,140,1.121212121212121
joeb,64,66,130,1.03125
jabr,65,71,136,1.0923076923076922
nbal,64,67,131,1.046875
jabr,62,70,132,1.1290322580645162
mrep,62,72,134,1.1612903225806452
joeb,65,70,135,1.0769230769230769
jabr,63,70,133,1.1111111111111112
nbal,62,67,129,1.0806451612903225
anbl,64,67,131,1.046875
mrep,61,71,132,1.1639344262295082
joeb,62,71,133,1.1451612903225807
jabr,65,69,134,1.0615384615384615
nbal,60,72,132,1.2
anbl,61,72,133,1.180327868852459
mrep,60,72,132,1.2
joeb,61,74,135,1.2131147540983607
jabr,61,68,129,1.1147540983606556
nbal,62,66,128,1.064516129032258
jabr,62,68,130,1.096774193548387
anbl,62,70,132,1.1290322580645162
joeb,62,73,135,1.1774193548387097
mrep,58,65,123,1.1206896551724137
ebre,61,74,135,1.2131147540983607
tpre,67,81,148,1.208955223880597
joeb,64,74,138,1.15625
mrep,63,72,135,1.1428571428571428
keit,65,74,139,1.1384615384615384
mgre,69,75,144,1.0869565217391304
tsch,70,76,146,1.0857142857142856
srus,67,76,143,1.1343283582089552
bbak,63,74,137,1.1746031746031746
cgre,72,86,158,1.1944444444444444
jvan,82,81,163,0.9878048780487805
bevs,76,85,161,1.118421052631579
stew,71,84,155,1.1830985915492958
ebre,61,71,132,1.1639344262295082
egoo,66,78,144,1.1818181818181819
joeb,61,78,139,1.278688524590164
mrep,65,74,139,1.1384615384615384
keit,63,75,138,1.1904761904761905
tpre,68,78,146,1.1470588235294117
mvon,67,76,143,1.1343283582089552
anbl,61,74,135,1.2131147540983607
mrep,67,82,149,1.2238805970149254
tyke,69,78,147,1.1304347826086956
egoo,67,82,149,1.2238805970149254
tpre,68,81,149,1.1911764705882353
ebre,63,68,131,1.0793650793650793
nbal,62,67,129,1.0806451612903225
mrep,62,70,132,1.1290322580645162
mhut,58,67,125,1.1551724137931034
ebre,63,68,131,1.0793650793650793
anbl,61,71,132,1.1639344262295082
mrep,62,71,133,1.1451612903225807
ebre,61,70,131,1.1475409836065573
joeb,64,75,139,1.171875
mrep,60,70,130,1.1666666666666667
mrep,62,72,134,1.1612903225806452
ebre,65,73,138,1.123076923076923
joeb,62,72,134,1.1612903225806452
kelt,65,76,141,1.1692307692307693
ebre,65,73,138,1.123076923076923
kelt,69,75,144,1.0869565217391304
tpre,65,89,154,1.3692307692307693
skyh,71,71,142,1
tyke,69,81,150,1.173913043478261
tpre,69,82,151,1.1884057971014492
part,76,77,153,1.013157894736842
tdew,78,95,173,1.2179487179487178
rjoh,78,88,166,1.1282051282051282
skyh,73,92,165,1.2602739726027397
srus,68,76,144,1.1176470588235294
tyke,73,75,148,1.0273972602739727
bbak,70,71,141,1.0142857142857142
kelt,72,71,143,0.9861111111111112
mgre,73,70,143,0.958904109589041
tsch,73,75,148,1.0273972602739727
srus,70,73,143,1.042857142857143
bbak,67,71,138,1.0597014925373134
srus,68,70,138,1.0294117647058822
jvan,80,83,163,1.0375
ebre,64,71,135,1.109375
mrep,61,69,130,1.1311475409836065
joeb,65,66,131,1.0153846153846153
mvon,63,71,134,1.126984126984127
rjoh,75,88,163,1.1733333333333333
part,72,84,156,1.1666666666666667
skyh,72,82,154,1.1388888888888888
tyke,73,81,154,1.1095890410958904
mrep,62,67,129,1.0806451612903225
kelt,65,70,135,1.0769230769230769
ebre,61,69,130,1.1311475409836065
joeb,62,66,128,1.064516129032258
mrep,60,68,128,1.1333333333333333
adud,66,75,141,1.1363636363636365
anbl,61,70,131,1.1475409836065573
ebre,62,70,132,1.1290322580645162
kelt,66,69,135,1.0454545454545454
skyh,72,87,159,1.2083333333333333
part,74,83,157,1.1216216216216217
tyke,70,76,146,1.0857142857142856
kelt,67,70,137,1.044776119402985
tlok,75,79,154,1.0533333333333332
mgre,65,73,138,1.123076923076923
tsch,70,75,145,1.0714285714285714
srus,67,78,145,1.164179104477612
bbak,68,70,138,1.0294117647058822
srus,66,73,139,1.106060606060606
ebre,61,67,128,1.098360655737705
joeb,60,67,127,1.1166666666666667
anbl,61,69,130,1.1311475409836065
mrep,59,67,126,1.1355932203389831
mrep,61,68,129,1.1147540983606556
ebre,63,69,132,1.0952380952380953
ebre,61,70,131,1.1475409836065573
mvon,60,72,132,1.2
anbl,61,69,130,1.1311475409836065
joeb,61,65,126,1.0655737704918034
ebre,64,75,139,1.171875
srus,67,77,144,1.1492537313432836
akel,73,73,146,1
srus,68,79,147,1.161764705882353
bbak,66,74,140,1.121212121212121
ebre,68,73,141,1.0735294117647058
mvon,65,77,142,1.1846153846153846
ebre,66,80,146,1.2121212121212122
mvon,63,70,133,1.1111111111111112
mgre,67,64,131,0.9552238805970149
srus,65,74,139,1.1384615384615384
kelt,64,72,136,1.125
kelt,64,71,135,1.109375
tlok,68,76,144,1.1176470588235294
srus,64,70,134,1.09375
mgre,63,68,131,1.0793650793650793
ebre,63,68,131,1.0793650793650793
bbak,61,68,129,1.1147540983606556
weis,80,90,170,1.125
jjen,85,94,179,1.1058823529411765
lvas,83,91,174,1.0963855421686748
mgre,65,70,135,1.0769230769230769
mvon,66,71,137,1.0757575757575757
mvon,61,69,130,1.1311475409836065
mgre,63,67,130,1.0634920634920635
srus,63,74,137,1.1746031746031746
kelt,65,69,134,1.0615384615384615
mgre,65,69,134,1.0615384615384615
mvon,63,72,135,1.1428571428571428
mgre,64,69,133,1.078125
mvon,64,69,133,1.078125
kelt,64,71,135,1.109375
mgre,63,70,133,1.1111111111111112
bbak,60,73,133,1.2166666666666666
tyke,72,74,146,1.0277777777777777
cgre,65,74,139,1.1384615384615384
jvan,71,74,145,1.0422535211267605
tsch,70,75,145,1.0714285714285714
stew,64,72,136,1.125
kelt,63,68,131,1.0793650793650793
ebre,59,67,126,1.1355932203389831
mgre,60,66,126,1.1
kelt,60,70,130,1.1666666666666667
bbak,62,68,130,1.096774193548387
mgre,61,67,128,1.098360655737705
tsch,66,77,143,1.1666666666666667
sari,68,79,147,1.161764705882353
sgre,71,76,147,1.0704225352112675
srus,66,67,133,1.0151515151515151
cgre,66,75,141,1.1363636363636365
stew,67,72,139,1.0746268656716418
mgre,62,67,129,1.0806451612903225
ebre,60,64,124,1.0666666666666667
mvon,60,71,131,1.1833333333333333
mgre,61,68,129,1.1147540983606556
bbak,61,68,129,1.1147540983606556
mgre,61,64,125,1.0491803278688525
srus,65,68,133,1.0461538461538462
stew,64,73,137,1.140625
mgre,60,66,126,1.1
bbak,60,70,130,1.1666666666666667
ebre,62,66,128,1.064516129032258
kelt,61,67,128,1.098360655737705
tyke,67,71,138,1.0597014925373134
mvon,59,71,130,1.2033898305084745
mgre,62,66,128,1.064516129032258
srus,61,76,137,1.2459016393442623
stew,65,74,139,1.1384615384615384
bbak,60,68,128,1.1333333333333333
ebre,60,70,130,1.1666666666666667
kelt,60,65,125,1.0833333333333333
mgre,58,68,126,1.1724137931034482
mvon,57,71,128,1.2456140350877194
ebre,58,64,122,1.103448275862069
ebre,58,65,123,1.1206896551724137
kelt,60,65,125,1.0833333333333333
mgre,61,66,127,1.0819672131147542
mvon,60,67,127,1.1166666666666667
mgre,64,65,129,1.015625
srus,64,70,134,1.09375
bbak,63,67,130,1.0634920634920635
kelt,66,68,134,1.0303030303030303
bbak,62,69,131,1.1129032258064515
ebre,62,69,131,1.1129032258064515
mgre,60,70,130,1.1666666666666667
srus,65,73,138,1.123076923076923
kelt,62,72,134,1.1612903225806452
ebre,61,66,127,1.0819672131147542
kelt,64,68,132,1.0625
stew,64,72,136,1.125
tsch,63,72,135,1.1428571428571428
sgre,67,77,144,1.1492537313432836
bevs,63,74,137,1.1746031746031746
mgre,63,64,127,1.0158730158730158
tsch,65,69,134,1.0615384615384615
kelt,63,66,129,1.0476190476190477
ebre,63,64,127,1.0158730158730158
stew,63,70,133,1.1111111111111112
srus,65,70,135,1.0769230769230769
tsch,63,69,132,1.0952380952380953
srus,64,68,132,1.0625
cbag,64,72,136,1.125
bevs,64,73,137,1.140625
mgre,62,63,125,1.0161290322580645
tsch,66,67,133,1.0151515151515151
kelt,62,68,130,1.096774193548387
ebre,61,66,127,1.0819672131147542
ebre,61,65,126,1.0655737704918034
hdwy,69,75,144,1.0869565217391304
kelt,62,67,129,1.0806451612903225
jvan,62,71,133,1.1451612903225807
stew,65,70,135,1.0769230769230769
bevs,59,78,137,1.3220338983050848
mgre,63,64,127,1.0158730158730158
tsch,66,69,135,1.0454545454545454
kelt,62,67,129,1.0806451612903225
ebre,62,64,126,1.032258064516129
kelt,62,68,130,1.096774193548387
sgre,65,72,137,1.1076923076923078
lvas,69,84,153,1.2173913043478262
hdwy,72,79,151,1.0972222222222223
tsch,66,75,141,1.1363636363636365
tsch,65,72,137,1.1076923076923078
kelt,61,66,127,1.0819672131147542
mgre,57,67,124,1.1754385964912282
ebre,61,72,133,1.180327868852459
kelt,60,65,125,1.0833333333333333
bevs,67,74,141,1.1044776119402986
hdwy,69,71,140,1.0289855072463767
lvas,71,79,150,1.1126760563380282
aste,81,90,171,1.1111111111111112
ebre,63,62,125,0.9841269841269841
jvan,63,67,130,1.0634920634920635
kelt,61,65,126,1.0655737704918034
stew,63,67,130,1.0634920634920635
mgre,62,63,125,1.0161290322580645
hdwy,71,74,145,1.0422535211267605
lvas,72,78,150,1.0833333333333333
hdwy,70,77,147,1.1
lvas,71,82,153,1.1549295774647887
part,73,87,160,1.1917808219178083
ebre,61,62,123,1.0163934426229508
kelt,62,69,131,1.1129032258064515
mgre,60,63,123,1.05
stew,61,70,131,1.1475409836065573
kelt,61,65,126,1.0655737704918034
ebre,59,65,124,1.1016949152542372
mgre,60,61,121,1.0166666666666666
stew,61,70,131,1.1475409836065573
kelt,60,64,124,1.0666666666666667
ebre,62,65,127,1.0483870967741935
ebre,57,63,120,1.105263157894737
kelt,63,68,131,1.0793650793650793
jvan,64,73,137,1.140625
stew,63,68,131,1.0793650793650793
mgre,68,67,135,0.9852941176470589
tsch,64,76,140,1.1875
sari,61,76,137,1.2459016393442623
cgre,65,75,140,1.1538461538461537
sgre,64,76,140,1.1875
tsch,65,76,141,1.1692307692307693
sari,64,79,143,1.234375
srus,64,77,141,1.203125
stew,63,68,131,1.0793650793650793
jvan,63,68,131,1.0793650793650793
kelt,59,65,124,1.1016949152542372
mgre,61,66,127,1.0819672131147542
jvan,63,66,129,1.0476190476190477
stew,63,69,132,1.0952380952380953
kelt,61,65,126,1.0655737704918034
mgre,62,63,125,1.0161290322580645
kelt,62,64,126,1.032258064516129
mgre,62,63,125,1.0161290322580645
jvan,65,67,132,1.0307692307692307
cgre,66,71,137,1.0757575757575757
kelt,62,66,128,1.064516129032258
tsch,63,67,130,1.0634920634920635
cgre,61,67,128,1.098360655737705
sgre,63,67,130,1.0634920634920635
srus,61,73,134,1.1967213114754098
kelt,59,65,124,1.1016949152542372
mgre,67,64,131,0.9552238805970149
kelt,57,64,121,1.1228070175438596
mgre,59,66,125,1.11864406779661
sgre,60,69,129,1.15
tsch,61,67,128,1.098360655737705
kelt,58,68,126,1.1724137931034482
kelt,60,64,124,1.0666666666666667
stew,61,64,125,1.0491803278688525
cgre,60,71,131,1.1833333333333333
mgre,60,61,121,1.0166666666666666
kelt,61,63,124,1.0327868852459017
kelt,57,64,121,1.1228070175438596
mgre,58,63,121,1.0862068965517242
bbak,60,68,128,1.1333333333333333
jvan,60,65,125,1.0833333333333333
cgre,63,67,130,1.0634920634920635
stew,65,65,130,1
mgre,59,61,120,1.0338983050847457
kelt,58,63,121,1.0862068965517242
stew,59,64,123,1.0847457627118644
jvan,60,66,126,1.1
mgre,59,61,120,1.0338983050847457
kelt,59,64,123,1.0847457627118644
kelt,59,62,121,1.0508474576271187
mgre,60,64,124,1.0666666666666667
stew,58,62,120,1.0689655172413792
jvan,60,63,123,1.05
mgre,57,61,118,1.0701754385964912
kelt,58,63,121,1.0862068965517242
kelt,57,62,119,1.087719298245614
cgre,60,68,128,1.1333333333333333
jvan,60,68,128,1.1333333333333333
stew,59,66,125,1.11864406779661
bbak,68,67,135,0.9852941176470589
bbak,61,64,125,1.0491803278688525
jvan,62,64,126,1.032258064516129
mgre,65,68,133,1.0461538461538462
sgre,66,71,137,1.0757575757575757
mgre,61,68,129,1.1147540983606556
stew,59,67,126,1.1355932203389831
jvan,59,66,125,1.11864406779661
bbak,60,67,127,1.1166666666666667
stew,62,61,123,0.9838709677419355
mgre,63,68,131,1.0793650793650793
grey,62,62,124,1
mgre,63,66,129,1.0476190476190477
cgre,61,68,129,1.1147540983606556
jvan,60,67,127,1.1166666666666667
bbak,59,63,122,1.0677966101694916
jvan,60,64,124,1.0666666666666667
byrd,65,72,137,1.1076923076923078
cgre,62,68,130,1.096774193548387
mgre,64,66,130,1.03125
sgre,62,68,130,1.096774193548387
jvan,60,66,126,1.1
grey,58,65,123,1.1206896551724137
stew,61,62,123,1.0163934426229508
jvan,60,65,125,1.0833333333333333
bbak,59,66,125,1.11864406779661
mgre,60,65,125,1.0833333333333333
jvan,60,65,125,1.0833333333333333
jvan,59,65,124,1.1016949152542372
mgre,60,64,124,1.0666666666666667
bbak,62,70,132,1.1290322580645162
stew,65,67,132,1.0307692307692307
stew,62,67,129,1.0806451612903225
mgre,59,66,125,1.11864406779661
stew,60,66,126,1.1
bbak,61,68,129,1.1147540983606556
mgre,60,63,123,1.05
cgre,61,65,126,1.0655737704918034
jvan,59,66,125,1.11864406779661
bbak,63,65,128,1.0317460317460319
jvan,62,62,124,1
ason,67,73,140,1.0895522388059702
acot,81,81,162,1
stew,58,62,120,1.0689655172413792
jvan,63,64,127,1.0158730158730158
jvan,59,65,124,1.1016949152542372
mgre,58,67,125,1.1551724137931034
bbak,58,65,123,1.1206896551724137
stew,59,62,121,1.0508474576271187
stew,60,59,119,0.9833333333333333
bbak,59,63,122,1.0677966101694916
bbak,58,65,123,1.1206896551724137
mgre,58,63,121,1.0862068965517242
jvan,59,66,125,1.11864406779661
stew,58,63,121,1.0862068965517242
bbak,60,64,124,1.0666666666666667
weis,63,70,133,1.1111111111111112
byrd,62,69,131,1.1129032258064515
ason,66,70,136,1.0606060606060606
hdwy,64,72,136,1.125
weis,67,71,138,1.0597014925373134
jste,70,70,140,1
iobe,70,74,144,1.0571428571428572
orio,69,70,139,1.0144927536231885
jste,69,71,140,1.0289855072463767
orio,72,73,145,1.0138888888888888
aida,71,73,144,1.028169014084507
iobe,73,76,149,1.0410958904109588
levi,71,81,152,1.1408450704225352
jakh,80,78,158,0.975
cole,80,91,171,1.1375
byrd,63,71,134,1.126984126984127
tsti,65,76,141,1.1692307692307693
ason,68,70,138,1.0294117647058822
hdwy,64,72,136,1.125
suns,59,60,119,1.0169491525423728
tsti,70,67,137,0.9571428571428572
weis,64,71,135,1.109375
jste,66,72,138,1.0909090909090908
orio,69,71,140,1.0289855072463767
aida,66,75,141,1.1363636363636365
byrd,65,67,132,1.0307692307692307
byrd,66,78,144,1.1818181818181819
ason,64,68,132,1.0625
tsti,65,69,134,1.0615384615384615
hdwy,63,70,133,1.1111111111111112
orio,68,73,141,1.0735294117647058
iobe,71,78,149,1.0985915492957747
nath,75,74,149,0.9866666666666667
jste,69,73,142,1.0579710144927537
byrd,64,68,132,1.0625
jste,66,69,135,1.0454545454545454
byrd,60,69,129,1.15
weis,62,73,135,1.1774193548387097
tsti,65,67,132,1.0307692307692307
hdwy,64,66,130,1.03125
byrd,63,66,129,1.0476190476190477
orio,66,71,137,1.0757575757575757
ebul,65,76,141,1.1692307692307693
jste,66,70,136,1.0606060606060606
levi,71,91,162,1.2816901408450705
jste,68,70,138,1.0294117647058822
suns,58,62,120,1.0689655172413792
byrd,64,68,132,1.0625
weis,63,68,131,1.0793650793650793
tjer,65,73,138,1.123076923076923
jste,69,70,139,1.0144927536231885
weis,65,67,132,1.0307692307692307
orio,66,69,135,1.0454545454545454
byrd,63,64,127,1.0158730158730158
weis,61,67,128,1.098360655737705
tsti,63,67,130,1.0634920634920635
ason,67,67,134,1
byrd,62,65,127,1.0483870967741935
zarm,62,80,142,1.2903225806451613
tsti,63,69,132,1.0952380952380953
weis,64,64,128,1
jlaw,67,73,140,1.0895522388059702
adal,65,75,140,1.1538461538461537
ebul,67,73,140,1.0895522388059702
jste,65,71,136,1.0923076923076922
bhoo,66,67,133,1.0151515151515151
jste,68,71,139,1.0441176470588236
adal,64,76,140,1.1875
acot,73,77,150,1.0547945205479452
byrd,57,68,125,1.1929824561403508
ason,62,66,128,1.064516129032258
tsti,67,72,139,1.0746268656716418
weis,61,63,124,1.0327868852459017
byrd,59,63,122,1.0677966101694916
ason,61,69,130,1.1311475409836065
tsti,67,72,139,1.0746268656716418
weis,61,73,134,1.1967213114754098
byrd,62,64,126,1.032258064516129
orio,66,67,133,1.0151515151515151
weis,60,64,124,1.0666666666666667
adal,68,70,138,1.0294117647058822
zfos,65,78,143,1.2
weis,65,65,130,1
orio,65,68,133,1.0461538461538462
byrd,59,69,128,1.1694915254237288
weis,62,64,126,1.032258064516129
adal,66,68,134,1.0303030303030303
ljus,68,85,153,1.25
alew,69,87,156,1.2608695652173914
esta,73,80,153,1.095890410958904
tbla,81,88,169,1.0864197530864197
dpri,82,88,170,1.0731707317073171
csti,91,97,188,1.065934065934066
bhoo,67,77,144,1.1492537313432836
arut,64,76,140,1.1875
ljus,68,81,149,1.1911764705882353
orio,64,67,131,1.046875
dper,61,65,126,1.0655737704918034
orio,64,67,131,1.046875
wgre,68,79,147,1.161764705882353
weis,60,64,124,1.0666666666666667
orio,62,66,128,1.064516129032258
byrd,57,66,123,1.1578947368421053
dper,57,70,127,1.2280701754385965
weis,61,65,126,1.0655737704918034
weis,60,62,122,1.0333333333333334
orio,60,65,125,1.0833333333333333
byrd,56,64,120,1.1428571428571428
dper,60,60,120,1
weis,60,64,124,1.0666666666666667
adal,62,70,132,1.1290322580645162
orio,64,64,128,1
byrd,57,65,122,1.1403508771929824
adal,62,68,130,1.096774193548387
luke,67,75,142,1.1194029850746268
hrus,73,80,153,1.095890410958904
wgre,66,80,146,1.2121212121212122
ljus,67,81,148,1.208955223880597
arut,70,78,148,1.1142857142857143
esta,75,78,153,1.04
tbai,78,79,157,1.0128205128205128
tbla,77,81,158,1.051948051948052
apat,79,80,159,1.0126582278481013
gsti,86,81,167,0.9418604651162791
csti,87,85,172,0.9770114942528736
adal,63,69,132,1.0952380952380953
ason,62,67,129,1.0806451612903225
orio,68,71,139,1.0441176470588236
weis,61,62,123,1.0163934426229508
byrd,57,63,120,1.105263157894737
adal,61,70,131,1.1475409836065573
luke,68,75,143,1.1029411764705883
arut,70,74,144,1.0571428571428572
reis,67,77,144,1.1492537313432836
weis,61,63,124,1.0327868852459017
adal,64,68,132,1.0625
adal,58,69,127,1.1896551724137931
weis,58,64,122,1.103448275862069
adal,60,67,127,1.1166666666666667
byrd,57,62,119,1.087719298245614
dper,61,60,121,0.9836065573770492
weis,61,62,123,1.0163934426229508
orio,62,67,129,1.0806451612903225
